ID,Idade,Gênero,Dias desde a Inscrição,Usou Suporte,Plano,Churn
1,21,F,1331,1,Intermediário,1
2,21,M,1160,0,Intermediário,0
3,62,M,454,1,Básico,0
4,64,M,226,1,Intermediário,0
5,61,M,474,1,Avançado,0
6,18,M,419,0,Básico,0
7,52,M,1334,0,Básico,0
8,44,M,1124,1,Intermediário,0
9,52,M,1256,1,Intermediário,0
10,64,F,1197,0,Básico,0
11,50,F,1820,1,Intermediário,0
12,46,F,550,0,Avançado,0
13,65,M,1466,0,Avançado,0
14,33,M,1507,0,Avançado,0
15,19,F,1292,1,Avançado,1
16,22,F,1514,0,Básico,1
17,38,F,1483,0,Intermediário,1
18,44,F,32,0,Intermediário,0
19,68,F,1203,1,Avançado,1
20,35,F,1157,1,Avançado,1
21,25,F,1565,0,Avançado,1
22,31,F,634,1,Avançado,0
23,63,F,136,0,Intermediário,1
24,47,F,23,0,Intermediário,1
25,25,M,1797,1,Básico,0
26,19,M,969,0,Básico,1
27,20,M,457,1,Básico,1
28,54,F,1670,1,Avançado,0
29,37,F,1536,1,Avançado,1
30,53,F,1110,0,Avançado,1
31,25,F,110,1,Intermediário,1
32,22,M,480,1,Básico,1
33,37,M,995,0,Intermediário,0
34,29,M,674,1,Avançado,0
35,45,M,1287,1,Avançado,1
36,24,F,521,1,Intermediário,1
37,28,M,101,1,Intermediário,0
38,49,F,546,0,Básico,1
39,28,F,406,1,Básico,1
40,28,F,934,0,Intermediário,1
41,67,F,1564,1,Intermediário,0
42,50,F,948,0,Básico,1
43,69,F,1365,0,Intermediário,1
44,63,M,1316,1,Intermediário,1
45,63,M,1509,0,Básico,1
46,42,M,1055,0,Intermediário,1
47,53,F,647,0,Avançado,1
48,66,M,952,0,Avançado,0
49,40,F,562,0,Básico,0
50,45,M,1596,1,Intermediário,1
51,21,M,1624,1,Básico,1
52,62,F,1465,1,Básico,0
53,24,M,1479,0,Básico,1
54,24,F,1083,0,Básico,1
55,22,M,203,1,Básico,0
56,58,F,1349,0,Intermediário,1
57,47,M,1588,1,Intermediário,0
58,21,F,1456,1,Avançado,1
59,69,M,1781,0,Básico,1
60,47,F,1235,1,Intermediário,1
61,42,F,169,0,Intermediário,1
62,55,M,634,1,Intermediário,1
63,18,M,384,1,Avançado,0
64,41,M,118,1,Básico,1
65,54,M,980,0,Avançado,1
66,24,M,1636,1,Intermediário,1
67,44,M,478,1,Avançado,1
68,54,M,1225,1,Básico,1
69,36,M,1802,0,Avançado,0
70,19,M,1773,1,Básico,0
71,22,M,1095,1,Básico,0
72,35,M,868,0,Avançado,1
73,39,F,851,1,Intermediário,1
74,64,F,1368,0,Básico,1
75,36,F,64,0,Avançado,0
76,44,F,1480,1,Avançado,0
77,45,M,114,1,Avançado,0
78,24,F,1411,1,Intermediário,1
79,19,M,1269,1,Básico,1
80,29,F,1347,1,Avançado,0
81,37,M,72,0,Intermediário,0
82,45,M,1663,0,Intermediário,1
83,19,F,1596,1,Básico,1
84,54,F,736,0,Intermediário,1
85,41,F,1019,1,Avançado,0
86,55,F,1400,0,Intermediário,0
87,35,F,1586,1,Intermediário,1
88,40,M,1813,0,Básico,0
89,19,M,1088,1,Básico,1
90,47,M,1636,1,Avançado,0
91,37,F,485,0,Intermediário,0
92,50,M,1186,0,Intermediário,1
93,24,M,1168,0,Intermediário,1
94,20,M,1569,0,Básico,0
95,50,M,1679,1,Avançado,0
96,19,F,682,1,Básico,1
97,30,M,1112,1,Intermediário,0
98,47,F,763,0,Avançado,0
99,27,M,391,0,Avançado,0
100,69,F,787,0,Intermediário,1
101,24,M,321,0,Básico,0
102,39,M,522,0,Básico,0
103,29,M,1454,0,Avançado,0
104,39,F,810,0,Intermediário,1
105,55,F,1557,1,Básico,0
106,59,F,206,1,Avançado,0
107,43,M,197,0,Básico,1
108,44,M,1650,1,Intermediário,1
109,56,M,1121,0,Avançado,0
110,69,F,1291,1,Básico,0
111,43,M,1304,1,Avançado,0
112,55,F,1644,1,Intermediário,1
113,60,F,933,0,Intermediário,0
114,40,F,443,1,Básico,0
115,49,M,980,0,Intermediário,1
116,61,M,1267,1,Básico,0
117,20,M,810,1,Básico,1
118,59,M,1138,1,Intermediário,1
119,37,M,1107,0,Avançado,0
120,57,M,1697,0,Intermediário,1
121,54,F,1440,0,Básico,0
122,65,M,1671,0,Básico,1
123,64,F,615,1,Básico,0
124,20,F,1710,1,Avançado,0
125,57,M,609,1,Intermediário,1
126,20,M,187,1,Intermediário,0
127,35,F,1696,1,Intermediário,0
128,59,F,577,0,Básico,1
129,38,F,757,1,Intermediário,0
130,23,M,178,0,Básico,0
131,41,M,1731,0,Básico,0
132,27,M,1754,1,Básico,1
133,44,M,741,1,Avançado,0
134,18,F,604,1,Avançado,0
135,56,M,1303,0,Avançado,0
136,24,M,485,0,Intermediário,0
137,58,F,217,0,Básico,0
138,26,M,1558,1,Avançado,1
139,26,M,792,1,Avançado,0
140,62,F,1182,0,Intermediário,0
141,57,M,846,0,Intermediário,1
142,60,F,1822,0,Intermediário,0
143,29,M,558,1,Intermediário,0
144,40,M,309,1,Avançado,1
145,48,F,1,1,Avançado,0
146,38,F,801,1,Avançado,0
147,29,M,1094,0,Avançado,1
148,45,F,446,0,Intermediário,0
149,46,F,374,0,Básico,0
150,37,M,377,1,Avançado,1
151,56,F,202,0,Avançado,1
152,28,F,1237,0,Básico,0
153,20,M,1655,1,Básico,1
154,62,M,1115,1,Intermediário,1
155,18,F,1753,1,Básico,0
156,33,M,340,0,Intermediário,1
157,27,F,1443,1,Intermediário,0
158,27,M,1635,0,Avançado,0
159,37,F,393,0,Intermediário,1
160,60,M,1623,0,Básico,0
161,59,M,1799,1,Básico,1
162,30,M,524,1,Avançado,0
163,31,F,1641,0,Intermediário,1
164,36,M,1326,1,Básico,0
165,31,F,1688,0,Básico,0
166,24,M,1128,0,Básico,1
167,55,F,1441,1,Intermediário,0
168,38,F,169,1,Intermediário,1
169,37,F,586,1,Intermediário,0
170,56,M,1698,1,Avançado,0
171,48,M,184,0,Básico,0
172,23,M,410,1,Avançado,0
173,59,F,1278,0,Intermediário,0
174,24,F,943,1,Básico,1
175,45,F,682,1,Intermediário,0
176,53,F,689,0,Básico,0
177,36,M,1350,1,Avançado,0
178,50,F,736,0,Básico,0
179,34,F,600,0,Intermediário,1
180,62,M,115,1,Avançado,0
181,58,F,251,0,Intermediário,0
182,59,M,1340,1,Avançado,0
183,28,M,1284,0,Básico,1
184,48,M,17,0,Intermediário,1
185,63,F,600,1,Intermediário,0
186,22,F,1763,1,Intermediário,1
187,24,F,423,1,Intermediário,0
188,25,M,1005,0,Básico,1
189,63,M,1169,0,Básico,1
190,26,M,103,0,Intermediário,1
191,18,F,1583,1,Intermediário,0
192,47,M,1162,0,Básico,0
193,21,F,694,1,Básico,1
194,26,F,1556,1,Avançado,0
195,28,M,414,0,Intermediário,0
196,58,M,771,1,Avançado,0
197,22,M,1646,0,Avançado,0
198,26,F,1221,0,Básico,0
199,42,M,534,1,Básico,1
200,24,M,672,0,Básico,1
201,61,M,1101,1,Intermediário,1
202,61,M,135,1,Avançado,1
203,57,M,1537,0,Intermediário,0
204,19,F,1334,0,Básico,0
205,54,F,706,1,Avançado,1
206,32,F,1653,0,Avançado,1
207,53,F,1681,1,Intermediário,1
208,38,M,139,0,Avançado,1
209,23,F,1549,0,Básico,1
210,39,F,204,0,Intermediário,1
211,40,M,538,1,Intermediário,0
212,34,M,1621,1,Básico,1
213,53,M,1443,1,Intermediário,1
214,54,F,529,0,Intermediário,1
215,39,F,1175,1,Avançado,0
216,31,M,347,0,Básico,0
217,54,M,1480,1,Intermediário,0
218,54,F,1231,1,Avançado,0
219,56,F,1052,0,Básico,1
220,55,M,1057,0,Intermediário,0
221,60,F,881,1,Intermediário,0
222,67,F,1113,0,Avançado,1
223,56,M,1263,0,Avançado,0
224,22,F,1608,1,Avançado,1
225,47,F,368,1,Intermediário,0
226,25,F,1608,0,Básico,1
227,60,F,222,1,Avançado,1
228,32,M,924,1,Intermediário,1
229,25,F,732,1,Básico,1
230,24,M,490,1,Básico,1
231,31,F,1578,0,Avançado,0
232,55,M,988,1,Intermediário,1
233,30,M,330,1,Avançado,0
234,36,F,936,1,Avançado,0
235,22,F,962,0,Básico,1
236,38,F,441,0,Intermediário,1
237,27,F,735,0,Básico,1
238,62,F,939,1,Básico,1
239,36,F,1302,1,Intermediário,1
240,18,F,1003,0,Avançado,0
241,53,F,378,0,Básico,1
242,27,F,577,1,Intermediário,1
243,22,F,1437,1,Básico,1
244,46,M,1264,0,Intermediário,1
245,44,F,922,0,Intermediário,0
246,36,M,680,0,Avançado,1
247,56,M,126,1,Intermediário,1
248,50,F,907,0,Avançado,1
249,49,F,905,1,Básico,1
250,40,M,294,0,Avançado,1
251,19,F,188,0,Intermediário,1
252,22,M,1405,1,Básico,1
253,40,F,1750,0,Intermediário,0
254,30,F,1646,0,Básico,0
255,69,M,66,0,Básico,0
256,22,M,1722,1,Avançado,1
257,50,M,1797,1,Avançado,1
258,20,F,1531,0,Intermediário,0
259,39,M,1094,0,Avançado,1
260,43,F,339,1,Intermediário,0
261,59,F,1557,0,Avançado,0
262,45,F,454,1,Básico,1
263,50,M,1586,0,Básico,0
264,31,F,351,1,Intermediário,1
265,52,F,1226,0,Avançado,1
266,37,M,724,1,Intermediário,0
267,39,M,13,1,Básico,0
268,30,M,1387,1,Avançado,1
269,51,M,207,1,Intermediário,0
270,21,F,527,0,Intermediário,1
271,38,M,163,0,Básico,0
272,20,F,766,0,Avançado,1
273,36,M,897,1,Básico,1
274,45,M,620,1,Avançado,1
275,18,F,439,0,Intermediário,0
276,25,M,247,1,Intermediário,1
277,52,M,213,1,Intermediário,1
278,44,M,469,0,Avançado,0
279,65,F,394,1,Básico,0
280,28,M,723,1,Intermediário,0
281,67,M,1155,1,Básico,1
282,34,M,561,0,Básico,1
283,31,F,923,0,Intermediário,1
284,52,F,197,0,Avançado,1
285,46,M,848,0,Avançado,0
286,60,F,606,1,Básico,0
287,36,F,822,1,Intermediário,1
288,21,M,1210,1,Básico,1
289,67,M,1202,1,Básico,1
290,53,M,900,1,Avançado,0
291,52,M,246,1,Básico,0
292,47,F,227,0,Intermediário,0
293,69,M,1398,0,Avançado,0
294,21,F,927,0,Básico,1
295,30,M,453,0,Avançado,1
296,23,M,450,0,Avançado,1
297,48,F,1491,1,Intermediário,0
298,56,F,1002,1,Básico,0
299,47,M,818,1,Básico,0
300,47,M,1374,0,Básico,0
301,58,F,862,1,Avançado,1
302,34,F,948,0,Básico,0
303,65,M,1793,0,Intermediário,0
304,41,M,685,0,Avançado,1
305,69,M,1370,1,Avançado,0
306,47,F,119,0,Básico,1
307,38,F,1600,1,Básico,1
308,20,M,468,1,Intermediário,0
309,21,M,133,0,Avançado,0
310,61,F,817,0,Básico,0
311,46,F,1606,0,Básico,0
312,69,F,414,0,Avançado,1
313,33,F,765,0,Básico,0
314,57,F,1087,0,Avançado,1
315,56,F,115,0,Básico,1
316,47,M,860,1,Avançado,0
317,34,M,436,1,Avançado,0
318,24,F,886,0,Intermediário,1
319,33,F,373,1,Intermediário,0
320,40,F,903,1,Avançado,0
321,31,M,817,1,Avançado,1
322,60,M,827,1,Básico,1
323,48,F,1081,0,Avançado,1
324,47,M,1448,1,Básico,0
325,49,F,246,1,Intermediário,1
326,52,F,1277,0,Intermediário,0
327,58,F,373,1,Intermediário,1
328,30,M,179,1,Avançado,1
329,64,F,908,0,Avançado,1
330,29,M,968,0,Intermediário,1
331,63,M,833,1,Avançado,1
332,49,M,853,1,Básico,0
333,24,F,307,1,Avançado,1
334,30,M,978,0,Avançado,1
335,40,M,82,1,Avançado,0
336,23,M,452,0,Básico,1
337,50,M,1483,0,Básico,1
338,50,F,291,0,Avançado,0
339,63,M,1565,0,Avançado,1
340,59,F,1214,1,Básico,0
341,63,F,753,0,Básico,0
342,24,F,389,0,Básico,1
343,65,M,655,0,Básico,0
344,21,F,375,1,Avançado,0
345,64,M,584,1,Avançado,1
346,25,M,1394,1,Intermediário,0
347,58,F,1270,1,Intermediário,0
348,46,F,1776,0,Básico,1
349,42,M,1817,1,Avançado,0
350,29,F,5,0,Intermediário,0
351,52,F,1078,1,Intermediário,1
352,37,F,1262,0,Avançado,0
353,34,F,342,1,Básico,0
354,51,M,275,0,Básico,0
355,23,F,1023,0,Avançado,0
356,24,M,1307,0,Básico,0
357,61,F,318,0,Básico,0
358,27,F,664,1,Intermediário,1
359,52,F,288,0,Avançado,0
360,46,F,1630,1,Avançado,0
361,45,F,677,1,Básico,1
362,20,F,625,1,Avançado,1
363,44,M,516,0,Básico,1
364,37,M,1657,1,Intermediário,1
365,52,F,1097,0,Básico,0
366,28,M,1727,1,Básico,0
367,59,F,1787,0,Básico,1
368,66,M,1220,0,Básico,1
369,63,M,392,0,Intermediário,1
370,63,M,1232,0,Intermediário,1
371,24,F,1318,0,Intermediário,0
372,48,F,1296,1,Avançado,1
373,63,F,1155,1,Intermediário,1
374,28,M,1086,1,Avançado,0
375,21,F,1452,0,Básico,0
376,40,M,314,0,Intermediário,0
377,27,M,441,1,Avançado,0
378,51,M,1137,1,Avançado,1
379,35,F,61,1,Intermediário,0
380,37,M,1821,0,Intermediário,1
381,48,F,397,1,Intermediário,1
382,37,M,617,1,Intermediário,1
383,23,M,300,0,Avançado,0
384,25,F,1777,0,Intermediário,0
385,40,M,585,1,Intermediário,0
386,41,M,174,0,Intermediário,1
387,26,F,1370,1,Básico,0
388,34,M,1157,1,Avançado,1
389,18,F,334,1,Avançado,0
390,61,F,1597,1,Básico,1
391,20,M,1356,1,Avançado,1
392,68,M,1563,0,Avançado,0
393,42,F,1417,1,Intermediário,1
394,38,F,1688,1,Básico,1
395,56,M,1200,1,Básico,1
396,44,F,1271,0,Básico,1
397,61,F,1172,1,Intermediário,0
398,40,M,1617,1,Avançado,0
399,48,M,129,1,Básico,1
400,54,M,1399,1,Intermediário,1
401,25,F,1161,0,Básico,1
402,55,F,1691,0,Intermediário,0
403,28,M,157,1,Intermediário,1
404,44,M,1232,0,Básico,1
405,47,F,1544,0,Básico,1
406,44,F,1250,1,Intermediário,0
407,27,M,1414,1,Avançado,1
408,32,M,1466,0,Intermediário,1
409,57,F,1404,1,Básico,1
410,25,F,956,0,Básico,1
411,21,F,183,0,Avançado,1
412,43,M,896,1,Avançado,1
413,51,M,922,1,Básico,1
414,49,M,1580,1,Intermediário,0
415,38,F,332,0,Intermediário,0
416,55,F,1340,1,Intermediário,1
417,39,M,668,1,Básico,0
418,36,F,292,1,Básico,1
419,49,M,1789,0,Intermediário,0
420,64,M,345,0,Avançado,1
421,54,F,901,1,Avançado,0
422,38,M,723,0,Básico,0
423,63,M,1690,0,Intermediário,1
424,52,M,1370,0,Avançado,0
425,60,M,473,0,Intermediário,0
426,59,F,1118,1,Avançado,0
427,45,F,1130,0,Básico,0
428,50,M,919,1,Básico,1
429,63,M,954,0,Intermediário,1
430,19,F,486,0,Avançado,1
431,18,M,746,0,Básico,0
432,46,F,1497,1,Básico,0
433,53,F,1635,1,Intermediário,0
434,57,M,710,0,Básico,1
435,55,M,32,1,Intermediário,0
436,59,F,107,1,Básico,0
437,18,M,1237,1,Avançado,0
438,64,F,1144,1,Básico,0
439,32,M,246,1,Intermediário,0
440,20,F,242,0,Intermediário,1
441,55,F,1777,1,Intermediário,0
442,61,F,689,0,Avançado,1
443,22,F,1172,1,Intermediário,1
444,51,F,278,0,Intermediário,0
445,32,M,811,1,Básico,1
446,33,M,1594,1,Intermediário,0
447,27,M,1057,0,Intermediário,0
448,67,F,540,1,Básico,1
449,52,F,1620,0,Avançado,0
450,36,M,520,0,Intermediário,0
451,22,M,899,1,Intermediário,0
452,22,M,145,0,Intermediário,0
453,18,M,1040,0,Intermediário,1
454,57,M,1437,1,Intermediário,1
455,59,F,300,0,Intermediário,1
456,51,F,1407,1,Avançado,1
457,20,M,1019,1,Avançado,1
458,25,M,1548,0,Básico,0
459,29,F,1157,1,Básico,1
460,53,F,173,0,Avançado,1
461,27,M,319,1,Intermediário,1
462,18,M,1326,1,Básico,1
463,18,M,878,1,Básico,1
464,44,M,1447,1,Básico,0
465,30,F,1714,0,Intermediário,0
466,34,F,42,1,Avançado,1
467,40,M,474,0,Intermediário,0
468,62,F,1013,0,Básico,0
469,66,F,673,1,Avançado,0
470,43,M,967,0,Avançado,1
471,45,F,878,1,Avançado,0
472,67,F,709,0,Avançado,0
473,37,F,1810,0,Avançado,1
474,60,M,1820,0,Avançado,1
475,35,M,83,1,Intermediário,1
476,27,M,728,0,Básico,0
477,32,M,584,1,Intermediário,0
478,56,F,821,0,Básico,1
479,19,M,910,1,Avançado,1
480,23,M,1721,0,Avançado,0
481,35,F,1483,0,Intermediário,0
482,63,M,1456,1,Avançado,1
483,62,F,1721,1,Básico,0
484,33,M,1061,1,Intermediário,1
485,56,F,468,1,Avançado,1
486,50,F,981,1,Avançado,1
487,46,M,1700,1,Intermediário,0
488,28,F,1436,1,Básico,0
489,68,M,811,1,Avançado,0
490,20,F,710,0,Avançado,0
491,64,F,1613,0,Avançado,1
492,56,F,1395,1,Básico,1
493,24,M,1686,1,Básico,0
494,43,F,1778,0,Intermediário,0
495,48,M,1811,1,Básico,1
496,60,F,349,1,Intermediário,1
497,26,M,1402,1,Básico,0
498,35,M,1275,1,Básico,0
499,59,M,630,0,Intermediário,0
500,69,F,468,1,Avançado,1
501,63,F,1520,1,Básico,1
502,43,F,293,1,Intermediário,1
503,59,M,1603,1,Intermediário,0
504,63,M,998,1,Avançado,1
505,37,F,129,0,Avançado,0
506,52,F,1770,1,Avançado,0
507,24,M,71,0,Avançado,1
508,61,F,226,0,Intermediário,1
509,37,M,1481,0,Básico,1
510,46,F,989,1,Avançado,0
511,37,F,1571,0,Avançado,0
512,52,F,1605,1,Avançado,0
513,36,M,732,1,Básico,0
514,23,F,223,0,Intermediário,1
515,56,F,1239,1,Avançado,0
516,56,M,990,1,Básico,0
517,20,F,531,1,Avançado,0
518,29,F,1263,1,Básico,0
519,44,M,1239,1,Intermediário,0
520,38,M,678,0,Intermediário,0
521,61,M,1187,0,Básico,0
522,40,F,718,1,Avançado,1
523,37,M,909,1,Intermediário,1
524,59,M,1221,1,Avançado,0
525,67,F,798,1,Básico,0
526,47,M,1590,1,Avançado,1
527,65,F,664,0,Avançado,1
528,62,F,1589,0,Intermediário,1
529,66,M,635,1,Básico,1
530,47,M,1393,0,Básico,0
531,34,M,316,1,Avançado,0
532,43,F,1365,0,Básico,1
533,25,M,23,0,Avançado,0
534,67,F,1280,0,Básico,0
535,46,F,1357,0,Intermediário,1
536,29,F,1736,1,Intermediário,1
537,63,M,1091,1,Intermediário,1
538,44,F,1768,1,Intermediário,0
539,30,F,875,1,Básico,0
540,49,F,1351,1,Avançado,0
541,24,F,630,0,Intermediário,0
542,67,F,997,0,Intermediário,0
543,18,F,1006,0,Básico,0
544,18,M,1683,0,Avançado,0
545,45,F,1178,0,Avançado,0
546,35,F,930,0,Intermediário,1
547,37,F,391,1,Avançado,0
548,40,F,350,1,Intermediário,0
549,49,F,277,0,Avançado,0
550,54,F,1586,0,Intermediário,1
551,69,F,23,1,Intermediário,0
552,67,F,45,1,Intermediário,1
553,45,F,333,1,Avançado,0
554,30,M,180,1,Básico,0
555,49,F,913,1,Básico,1
556,28,F,500,0,Básico,1
557,39,M,806,0,Básico,0
558,64,F,108,1,Avançado,0
559,21,M,55,1,Avançado,1
560,51,M,1137,0,Intermediário,1
561,49,M,1730,1,Avançado,1
562,64,M,1315,0,Avançado,1
563,63,F,1132,0,Básico,0
564,63,M,449,1,Intermediário,0
565,66,M,756,0,Avançado,1
566,39,F,1614,0,Básico,1
567,59,M,1294,1,Avançado,0
568,47,F,1738,1,Intermediário,1
569,51,M,511,0,Intermediário,1
570,68,M,52,1,Básico,0
571,34,M,526,1,Básico,0
572,51,F,1234,1,Básico,1
573,29,F,1290,0,Avançado,0
574,38,M,567,0,Intermediário,1
575,37,F,940,1,Intermediário,1
576,67,F,1359,1,Intermediário,1
577,65,F,937,1,Básico,1
578,31,M,1347,1,Avançado,1
579,37,F,1200,0,Básico,0
580,38,M,1104,0,Básico,1
581,40,F,264,1,Intermediário,0
582,27,F,98,0,Avançado,1
583,21,F,266,1,Avançado,1
584,48,M,1582,0,Intermediário,0
585,18,F,1003,0,Intermediário,0
586,30,M,571,1,Básico,1
587,66,M,1247,0,Básico,0
588,36,M,1197,1,Básico,1
589,61,M,1028,0,Intermediário,1
590,54,M,1222,0,Básico,1
591,69,F,1017,1,Básico,1
592,37,M,969,0,Básico,1
593,52,M,626,0,Avançado,0
594,38,M,1370,1,Intermediário,0
595,49,M,403,0,Avançado,1
596,22,F,784,1,Básico,0
597,63,F,335,0,Intermediário,0
598,32,M,252,1,Básico,0
599,49,F,299,0,Avançado,0
600,46,F,939,0,Básico,1
601,24,F,327,0,Intermediário,0
602,36,F,1603,0,Básico,1
603,30,F,1329,1,Básico,1
604,44,M,1059,0,Básico,1
605,51,F,1157,1,Avançado,0
606,65,F,879,0,Avançado,0
607,48,M,181,1,Avançado,0
608,51,M,1390,0,Intermediário,1
609,64,F,871,1,Intermediário,0
610,52,F,681,1,Intermediário,0
611,64,F,19,1,Intermediário,0
612,38,M,224,1,Básico,1
613,42,M,1036,0,Intermediário,1
614,45,M,1112,1,Avançado,0
615,52,M,430,0,Básico,0
616,34,F,1399,1,Básico,0
617,67,F,919,1,Intermediário,0
618,64,F,1168,1,Avançado,0
619,69,F,919,1,Básico,0
620,55,M,699,0,Básico,1
621,68,F,1327,0,Avançado,0
622,19,F,1240,1,Intermediário,1
623,58,F,999,0,Avançado,0
624,58,F,1619,1,Intermediário,1
625,63,F,479,1,Intermediário,1
626,34,F,1246,1,Intermediário,1
627,47,M,1544,1,Básico,1
628,18,M,367,0,Intermediário,1
629,64,F,1065,0,Intermediário,1
630,53,F,697,1,Intermediário,0
631,46,F,1424,0,Avançado,1
632,64,M,662,1,Básico,1
633,69,M,1177,0,Básico,0
634,67,F,879,0,Intermediário,1
635,38,M,1342,1,Básico,0
636,45,F,373,0,Básico,0
637,46,M,242,0,Avançado,1
638,27,F,702,1,Intermediário,1
639,41,M,1808,0,Básico,1
640,52,M,547,1,Intermediário,0
641,30,F,644,0,Avançado,0
642,64,F,1081,1,Intermediário,0
643,49,M,309,0,Básico,1
644,69,F,1762,0,Intermediário,0
645,21,F,428,1,Intermediário,0
646,22,M,1512,1,Básico,0
647,37,F,858,0,Básico,1
648,53,F,706,0,Intermediário,0
649,32,F,532,1,Intermediário,0
650,54,F,1609,1,Intermediário,0
651,29,M,1487,0,Básico,0
652,51,F,236,1,Básico,0
653,22,F,1097,1,Básico,0
654,32,F,1448,1,Básico,0
655,43,F,1087,0,Básico,0
656,29,M,534,0,Avançado,1
657,45,M,168,0,Básico,1
658,53,M,132,0,Avançado,0
659,24,M,475,1,Básico,1
660,33,F,1426,1,Intermediário,1
661,49,F,814,0,Avançado,1
662,57,M,343,1,Avançado,0
663,26,F,17,1,Básico,1
664,33,M,927,1,Básico,0
665,54,F,647,1,Intermediário,0
666,44,F,628,0,Intermediário,0
667,18,M,1346,1,Avançado,1
668,27,F,257,1,Avançado,1
669,37,M,513,1,Intermediário,0
670,54,F,562,0,Avançado,0
671,55,M,425,1,Avançado,1
672,48,F,1017,0,Avançado,0
673,32,M,22,1,Intermediário,1
674,18,M,3,0,Básico,0
675,31,M,547,1,Avançado,0
676,45,M,993,1,Básico,0
677,25,F,707,0,Avançado,0
678,30,M,1165,0,Intermediário,0
679,34,F,336,0,Básico,1
680,24,M,1521,0,Avançado,0
681,46,M,1165,0,Básico,1
682,67,M,1159,1,Intermediário,1
683,33,M,1093,1,Avançado,0
684,21,F,600,1,Básico,0
685,62,M,1342,0,Básico,1
686,44,M,859,0,Básico,1
687,33,F,1337,0,Intermediário,0
688,61,M,1189,0,Avançado,1
689,52,M,779,0,Intermediário,1
690,37,M,981,1,Básico,0
691,26,F,1569,0,Avançado,0
692,64,F,188,1,Básico,0
693,19,M,1454,0,Básico,1
694,37,M,394,0,Básico,1
695,38,M,278,0,Avançado,0
696,68,M,1005,0,Intermediário,1
697,30,M,1207,1,Avançado,0
698,54,F,1113,0,Básico,1
699,68,F,643,0,Intermediário,1
700,64,M,1220,0,Avançado,0
701,48,F,1602,1,Intermediário,1
702,65,F,1169,0,Intermediário,0
703,56,M,1116,1,Intermediário,1
704,62,M,782,1,Intermediário,1
705,54,F,914,1,Intermediário,0
706,42,F,705,1,Básico,1
707,68,M,1240,1,Intermediário,0
708,31,M,1357,1,Básico,1
709,41,M,1213,1,Intermediário,0
710,52,M,897,1,Avançado,1
711,51,M,759,1,Intermediário,0
712,34,F,1579,1,Intermediário,1
713,45,M,1576,1,Intermediário,1
714,50,F,1085,1,Intermediário,1
715,49,M,1381,0,Básico,1
716,39,F,804,0,Básico,1
717,44,F,181,1,Básico,1
718,57,M,888,0,Básico,0
719,63,M,1028,1,Avançado,0
720,43,M,1036,0,Avançado,0
721,18,M,1542,0,Básico,1
722,24,M,1056,1,Intermediário,1
723,57,F,628,1,Intermediário,0
724,59,F,1025,1,Intermediário,1
725,56,F,1638,1,Avançado,1
726,24,F,609,0,Avançado,1
727,27,M,173,1,Básico,1
728,35,M,693,1,Intermediário,1
729,32,F,1225,1,Básico,1
730,36,M,704,1,Intermediário,0
731,54,F,1727,0,Básico,0
732,65,F,1578,1,Intermediário,0
733,43,F,408,0,Intermediário,0
734,61,F,1169,1,Básico,1
735,33,M,1721,1,Básico,1
736,38,F,978,1,Básico,1
737,36,F,28,1,Avançado,1
738,62,M,252,1,Avançado,0
739,23,M,887,1,Avançado,0
740,51,M,415,1,Intermediário,1
741,44,F,331,1,Básico,0
742,23,F,164,0,Intermediário,0
743,32,M,1395,0,Avançado,1
744,33,M,97,1,Avançado,1
745,26,M,749,1,Avançado,0
746,56,F,1201,1,Intermediário,1
747,21,F,158,0,Avançado,0
748,31,F,1815,0,Básico,0
749,61,F,446,0,Básico,0
750,24,M,398,1,Avançado,1
751,41,F,161,1,Avançado,0
752,42,M,3,1,Básico,0
753,48,F,1458,0,Avançado,1
754,53,M,1821,1,Básico,0
755,46,M,1667,1,Intermediário,0
756,50,M,418,1,Avançado,1
757,28,M,1281,1,Avançado,1
758,35,F,1419,0,Avançado,1
759,62,M,281,0,Avançado,1
760,58,M,1312,0,Intermediário,0
761,55,M,594,1,Avançado,0
762,62,F,524,1,Avançado,0
763,67,M,385,0,Avançado,0
764,56,M,1219,0,Básico,0
765,29,M,135,1,Avançado,1
766,61,F,857,0,Básico,0
767,64,M,46,1,Básico,1
768,58,F,1480,0,Avançado,1
769,30,F,1385,0,Avançado,1
770,34,F,340,1,Avançado,1
771,59,M,1541,1,Básico,1
772,65,F,984,1,Intermediário,1
773,66,M,1345,1,Básico,0
774,32,F,1489,0,Básico,1
775,58,F,778,0,Intermediário,0
776,63,M,920,1,Avançado,1
777,62,M,177,1,Básico,0
778,25,F,370,1,Avançado,0
779,40,F,467,0,Avançado,1
780,31,F,940,1,Intermediário,0
781,33,F,1518,1,Avançado,0
782,63,M,434,1,Intermediário,0
783,59,M,1553,1,Básico,1
784,36,F,485,1,Intermediário,0
785,43,M,1018,1,Intermediário,0
786,18,M,540,1,Avançado,1
787,61,F,468,1,Intermediário,1
788,18,M,297,0,Avançado,0
789,37,M,758,0,Avançado,1
790,68,F,740,0,Básico,1
791,28,F,1144,1,Avançado,0
792,62,M,1120,1,Básico,0
793,25,M,577,0,Básico,1
794,62,M,1090,1,Avançado,1
795,47,M,819,0,Intermediário,0
796,24,F,857,0,Intermediário,0
797,38,M,688,1,Básico,0
798,29,F,1166,1,Básico,1
799,32,F,1112,0,Básico,1
800,39,F,816,1,Intermediário,0
801,69,M,402,0,Intermediário,1
802,64,M,1751,0,Avançado,1
803,44,F,23,1,Avançado,0
804,37,M,961,1,Básico,0
805,32,F,730,1,Intermediário,1
806,59,M,632,0,Avançado,0
807,43,M,678,1,Intermediário,1
808,19,M,43,1,Intermediário,1
809,32,F,344,0,Intermediário,1
810,69,F,99,1,Básico,1
811,61,F,75,0,Avançado,1
812,61,F,1140,1,Intermediário,1
813,32,M,1252,0,Intermediário,0
814,55,F,1734,0,Intermediário,0
815,38,F,1053,1,Básico,1
816,41,F,1689,0,Avançado,1
817,56,M,1035,0,Intermediário,1
818,27,F,1434,1,Intermediário,0
819,43,M,1721,1,Básico,1
820,57,M,1364,0,Avançado,1
821,67,M,94,1,Básico,1
822,55,F,709,1,Básico,1
823,44,F,531,0,Básico,1
824,21,M,1410,1,Intermediário,0
825,20,F,280,0,Básico,0
826,37,M,1090,0,Intermediário,1
827,44,F,1104,1,Básico,0
828,69,F,1800,1,Básico,1
829,27,F,423,1,Intermediário,1
830,33,F,62,1,Básico,0
831,39,M,1027,0,Intermediário,0
832,64,F,244,0,Intermediário,1
833,31,M,1082,1,Intermediário,1
834,36,M,1072,0,Básico,1
835,65,F,903,1,Intermediário,0
836,55,F,573,0,Intermediário,1
837,61,F,474,0,Intermediário,1
838,34,F,1081,0,Básico,1
839,32,F,988,0,Avançado,0
840,58,M,1166,1,Básico,1
841,19,F,882,0,Intermediário,0
842,24,F,593,0,Avançado,0
843,22,M,341,1,Intermediário,1
844,56,M,1652,0,Básico,0
845,56,F,426,0,Avançado,1
846,42,M,368,1,Intermediário,1
847,24,M,626,0,Básico,0
848,39,M,24,1,Avançado,1
849,53,M,323,0,Básico,0
850,22,M,341,1,Intermediário,1
851,49,M,259,1,Básico,0
852,21,F,374,1,Básico,0
853,64,M,48,1,Avançado,1
854,55,F,1246,1,Avançado,0
855,48,F,41,0,Avançado,1
856,64,F,1286,0,Intermediário,0
857,40,M,1164,0,Avançado,0
858,55,F,990,1,Intermediário,0
859,59,F,1338,1,Intermediário,0
860,19,F,1639,0,Intermediário,0
861,20,M,783,1,Intermediário,1
862,27,F,1531,1,Avançado,1
863,43,M,1155,0,Básico,0
864,53,F,344,0,Intermediário,0
865,35,F,303,1,Intermediário,1
866,27,M,445,0,Básico,1
867,57,M,953,1,Avançado,1
868,38,M,1401,1,Intermediário,1
869,28,F,867,0,Avançado,1
870,48,M,543,0,Avançado,1
871,48,F,1674,0,Intermediário,1
872,43,M,1693,1,Intermediário,1
873,67,M,1258,1,Básico,0
874,60,M,147,0,Intermediário,0
875,23,M,286,0,Básico,0
876,35,M,501,1,Básico,0
877,65,F,1489,1,Básico,1
878,61,F,1685,1,Básico,0
879,47,M,557,0,Avançado,1
880,41,M,36,1,Intermediário,1
881,57,F,1368,0,Básico,0
882,69,F,102,0,Básico,1
883,25,M,363,1,Básico,0
884,33,F,1131,0,Intermediário,1
885,69,M,1703,0,Intermediário,1
886,67,F,636,1,Básico,1
887,28,M,893,1,Intermediário,1
888,48,M,1551,0,Básico,1
889,18,M,1092,0,Avançado,1
890,49,M,1571,1,Básico,0
891,57,F,1186,0,Intermediário,1
892,41,F,100,0,Básico,0
893,42,M,1737,1,Básico,1
894,63,F,193,1,Intermediário,1
895,61,M,1262,1,Avançado,1
896,32,M,1082,1,Avançado,1
897,25,F,1191,1,Básico,1
898,28,M,1169,0,Básico,1
899,56,F,181,1,Avançado,0
900,28,M,852,0,Intermediário,1
901,58,M,881,1,Intermediário,0
902,23,F,354,1,Básico,0
903,34,F,716,1,Avançado,0
904,36,F,300,0,Básico,0
905,22,F,801,0,Avançado,0
906,25,F,1119,0,Avançado,1
907,69,M,816,1,Intermediário,0
908,31,F,425,0,Avançado,0
909,41,M,1129,1,Intermediário,0
910,26,F,1615,1,Básico,0
911,25,M,1087,0,Intermediário,1
912,64,M,969,1,Intermediário,1
913,44,F,996,0,Básico,0
914,60,M,563,0,Avançado,1
915,36,M,1128,1,Avançado,0
916,52,F,1737,1,Básico,0
917,46,M,564,1,Intermediário,0
918,37,F,145,1,Avançado,1
919,27,M,902,1,Avançado,1
920,43,M,1377,1,Avançado,0
921,63,M,1552,0,Intermediário,1
922,19,F,822,0,Intermediário,1
923,44,M,160,1,Avançado,0
924,37,M,467,0,Intermediário,0
925,25,F,1354,0,Intermediário,1
926,44,F,1766,1,Básico,0
927,28,F,751,1,Intermediário,1
928,40,M,1768,0,Intermediário,1
929,40,M,113,0,Avançado,1
930,39,M,798,1,Básico,1
931,28,F,159,1,Intermediário,0
932,56,M,852,0,Básico,0
933,32,M,516,0,Básico,1
934,29,F,1477,0,Intermediário,1
935,22,F,98,1,Intermediário,1
936,23,F,1512,1,Avançado,1
937,37,M,882,0,Básico,1
938,20,F,1068,0,Avançado,0
939,40,M,87,0,Avançado,0
940,24,M,363,0,Avançado,1
941,43,F,265,1,Avançado,1
942,58,M,413,0,Básico,0
943,65,M,487,1,Avançado,1
944,42,M,1797,0,Intermediário,1
945,67,F,137,1,Básico,0
946,29,F,1374,1,Básico,0
947,68,M,877,1,Básico,0
948,47,F,360,1,Básico,0
949,69,M,570,1,Intermediário,1
950,30,F,1513,1,Avançado,1
951,46,M,940,1,Avançado,0
952,53,M,1585,0,Intermediário,0
953,66,M,328,0,Intermediário,1
954,58,F,293,0,Intermediário,1
955,67,M,796,1,Básico,1
956,23,F,975,1,Intermediário,1
957,50,M,1364,0,Intermediário,0
958,40,M,1408,1,Avançado,1
959,22,M,564,0,Avançado,1
960,20,M,1422,0,Básico,0
961,37,M,97,0,Intermediário,0
962,35,M,813,1,Avançado,1
963,66,F,444,1,Intermediário,1
964,34,F,715,1,Básico,0
965,24,M,55,0,Intermediário,1
966,25,F,804,1,Avançado,0
967,64,M,1249,1,Intermediário,1
968,49,F,1308,1,Básico,1
969,39,M,705,0,Básico,0
970,52,F,416,1,Avançado,1
971,19,M,1476,0,Avançado,0
972,64,M,338,1,Avançado,0
973,47,M,1284,0,Avançado,0
974,36,F,1662,1,Avançado,1
975,67,M,1205,0,Avançado,1
976,54,F,1177,0,Avançado,1
977,45,M,1718,0,Avançado,1
978,54,F,646,0,Avançado,0
979,25,M,927,0,Avançado,1
980,28,F,1476,1,Intermediário,1
981,63,F,1362,0,Avançado,1
982,42,F,1166,0,Básico,1
983,25,F,151,1,Intermediário,1
984,66,M,93,1,Intermediário,0
985,59,M,254,1,Básico,1
986,63,M,668,0,Avançado,1
987,52,M,1700,1,Básico,1
988,59,M,68,1,Básico,0
989,39,M,1787,0,Avançado,1
990,30,F,1593,0,Básico,1
991,33,F,1469,0,Básico,1
992,62,F,1375,1,Intermediário,1
993,58,M,1778,0,Avançado,0
994,47,M,207,0,Intermediário,0
995,32,M,1612,1,Básico,1
996,37,M,1061,0,Básico,0
997,22,F,1228,0,Básico,1
998,56,F,307,1,Intermediário,1
999,68,F,248,1,Avançado,1
1000,18,M,1517,1,Intermediário,1
